<?xml version="1.0" encoding="UTF-8"?>
<project-private xmlns="http://www.netbeans.org/ns/project-private/1">
    <editor-bookmarks xmlns="http://www.netbeans.org/ns/editor-bookmarks/2" lastBookmarkId="0"/>
    <open-files xmlns="http://www.netbeans.org/ns/projectui-open-files/2">
        <group>
            <file>file:/Users/stephhoang/Documents/FALL24/PRJ301/prj_thuybt26/HE172214_Assignment/web/view/common/homepage/header-top-area.jsp</file>
            <file>file:/Users/stephhoang/Documents/FALL24/PRJ301/prj_thuybt26/HE172214_Assignment/web/view/homepage/home.jsp</file>
            <file>file:/Users/stephhoang/Documents/FALL24/PRJ301/prj_thuybt26/HE172214_Assignment/web/view/homepage/product-details.jsp</file>
        </group>
    </open-files>
</project-private>
