<?xml version="1.0" encoding="UTF-8"?>
<project-private xmlns="http://www.netbeans.org/ns/project-private/1">
    <editor-bookmarks xmlns="http://www.netbeans.org/ns/editor-bookmarks/2" lastBookmarkId="0"/>
    <open-files xmlns="http://www.netbeans.org/ns/projectui-open-files/2">
        <group>
            <file>file:/D:/learning_university/Term4_FA24/3_PRJ301/Đề%20PE/DeFU1/PRJ301_PE_SU24_B5_784251/PaperNo_1/All/given/Q3_XXX/src/java/dal/ExeDAO.java</file>
            <file>file:/D:/learning_university/Term4_FA24/3_PRJ301/Đề%20PE/DeFU1/PRJ301_PE_SU24_B5_784251/PaperNo_1/All/given/Q3_XXX/src/java/Control/sort.java</file>
            <file>file:/D:/learning_university/Term4_FA24/3_PRJ301/Đề%20PE/DeFU1/PRJ301_PE_SU24_B5_784251/PaperNo_1/All/given/Q3_XXX/web/Home.jsp</file>
        </group>
    </open-files>
</project-private>
