<?xml version="1.0" encoding="UTF-8"?>
<project-private xmlns="http://www.netbeans.org/ns/project-private/1">
    <editor-bookmarks xmlns="http://www.netbeans.org/ns/editor-bookmarks/2" lastBookmarkId="0"/>
    <open-files xmlns="http://www.netbeans.org/ns/projectui-open-files/2">
        <group>
            <file>file:/Users/stephhoang/Documents/FALL24/PRJ301/prj_thuybt26/Slot9_Ex2/web/view.jsp</file>
            <file>file:/Users/stephhoang/Documents/FALL24/PRJ301/prj_thuybt26/Slot9_Ex2/src/java/controller/GetFirstServlet.java</file>
        </group>
    </open-files>
</project-private>
